{
	"sProcessing":   "chargement...",
	"sLengthMenu":   "MENU",
	"sZeroRecords":  "le dossier est vide",
	"sInfo":         "إظهار _START_ إلى _END_ من أصل _TOTAL_ مُدخل",
	"sInfoEmpty":    "يعرض 0 إلى 0 من أصل 0 سجلّ",
	"sInfoFiltered": "(منتقاة من مجموع _MAX_ مُدخل)",
	"sInfoPostFix":  "",
	"sSearch":       "recherche:",
	"sUrl":          "",
	"oPaginate": {
		"sFirst":    "premier",
		"sPrevious": "precedent",
		"sNext":     "prochaine",
		"sLast":     "dernier"
	}
}